Quantifier,MoSS Variant Test,MoSS Variant Train,m_proximity,MAE,m_test,alpha
DyS,MoSS_Dir,MoSS_Dir,0.0,0.0006760751884389848,0.1,0.1
DyS,MoSS_Dir,MoSS_Dir,0.0,0.000581763947131525,0.1,0.2
DyS,MoSS_Dir,MoSS_Dir,0.0,0.00023875503672865506,0.1,0.4
DyS,MoSS_Dir,MoSS_Dir,0.0,0.00034755862144919547,0.1,0.6
DyS,MoSS_Dir,MoSS_Dir,0.0,0.002274378326434734,0.1,0.8
DyS,MoSS_Dir,MoSS_Dir,0.0,4.455239404765887e-05,0.1,1.0
DyS,MoSS_Dir,MoSS_Dir,0.0,0.002405448730813664,0.25,0.1
DyS,MoSS_Dir,MoSS_Dir,0.0,0.003124570024240575,0.25,0.2
DyS,MoSS_Dir,MoSS_Dir,0.0,0.0042328630316122995,0.25,0.4
DyS,MoSS_Dir,MoSS_Dir,0.0,0.00128977397651997,0.25,0.6
DyS,MoSS_Dir,MoSS_Dir,0.0,0.0033916069980494123,0.25,0.8
DyS,MoSS_Dir,MoSS_Dir,0.0,4.455239404765887e-05,0.25,1.0
DyS,MoSS_Dir,MoSS_Dir,0.0,0.03125642712800138,0.5,0.1
DyS,MoSS_Dir,MoSS_Dir,0.0,0.19995544760595235,0.5,0.2
DyS,MoSS_Dir,MoSS_Dir,0.0,0.17978384627480104,0.5,0.4
DyS,MoSS_Dir,MoSS_Dir,0.5,0.12656016117935964,0.5,0.6
DyS,MoSS_Dir,MoSS_Dir,0.0,0.05589302104730687,0.5,0.8
DyS,MoSS_Dir,MoSS_Dir,0.0,0.058722952016812435,0.5,1.0
DyS,MoSS_Dir,MoSS_Dir,0.0,0.13145372678286193,0.75,0.1
DyS,MoSS_Dir,MoSS_Dir,0.0,0.07944154116934099,0.75,0.2
DyS,MoSS_Dir,MoSS_Dir,0.25,0.28293850917431485,0.75,0.4
DyS,MoSS_Dir,MoSS_Dir,0.0,0.06590748895271559,0.75,0.6
DyS,MoSS_Dir,MoSS_Dir,0.0,0.18104621180582847,0.75,0.8
DyS,MoSS_Dir,MoSS_Dir,0.0,0.1010213075150419,0.75,1.0
DyS,MoSS_Dir,MoSS_Dir,0.25,0.5212366386249426,1.0,0.1
DyS,MoSS_Dir,MoSS_Dir,0.5,0.3157248636056538,1.0,0.2
DyS,MoSS_Dir,MoSS_Dir,0.5,0.10725669792063419,1.0,0.4
DyS,MoSS_Dir,MoSS_Dir,0.0,0.1771032465318355,1.0,0.6
DyS,MoSS_Dir,MoSS_Dir,0.5,0.2113290668680985,1.0,0.8
DyS,MoSS_Dir,MoSS_Dir,0.0,0.44109644428233974,1.0,1.0
HDy,MoSS_Dir,MoSS_Dir,0.0,0.0,0.1,0.1
HDy,MoSS_Dir,MoSS_Dir,0.0,0.010000000000000009,0.1,0.2
HDy,MoSS_Dir,MoSS_Dir,0.0,0.0030150753768844463,0.1,0.4
HDy,MoSS_Dir,MoSS_Dir,0.0,0.0,0.1,0.6
HDy,MoSS_Dir,MoSS_Dir,0.0,0.0,0.1,0.8
HDy,MoSS_Dir,MoSS_Dir,0.0,0.0,0.1,1.0
HDy,MoSS_Dir,MoSS_Dir,0.0,0.0,0.25,0.1
HDy,MoSS_Dir,MoSS_Dir,0.0,0.0009950248756219193,0.25,0.2
HDy,MoSS_Dir,MoSS_Dir,0.0,0.0029850746268657025,0.25,0.4
HDy,MoSS_Dir,MoSS_Dir,0.0,0.0,0.25,0.6
HDy,MoSS_Dir,MoSS_Dir,0.0,0.0,0.25,0.8
HDy,MoSS_Dir,MoSS_Dir,0.0,0.0,0.25,1.0
HDy,MoSS_Dir,MoSS_Dir,0.5,0.07289719626168223,0.5,0.1
HDy,MoSS_Dir,MoSS_Dir,0.25,0.02959183673469387,0.5,0.2
HDy,MoSS_Dir,MoSS_Dir,0.5,0.05306122448979589,0.5,0.4
HDy,MoSS_Dir,MoSS_Dir,0.5,0.021052631578947323,0.5,0.6
HDy,MoSS_Dir,MoSS_Dir,0.0,0.08037383177570101,0.5,0.8
HDy,MoSS_Dir,MoSS_Dir,0.25,0.029268292682926744,0.5,1.0
HDy,MoSS_Dir,MoSS_Dir,0.25,0.41612903225806464,0.75,0.1
HDy,MoSS_Dir,MoSS_Dir,0.0,0.22499999999999998,0.75,0.2
HDy,MoSS_Dir,MoSS_Dir,0.0,0.09308755760368664,0.75,0.4
HDy,MoSS_Dir,MoSS_Dir,0.25,0.12906976744186044,0.75,0.6
HDy,MoSS_Dir,MoSS_Dir,0.25,0.19705882352941184,0.75,0.8
HDy,MoSS_Dir,MoSS_Dir,0.25,0.31937172774869116,0.75,1.0
HDy,MoSS_Dir,MoSS_Dir,0.0,0.37761194029850753,1.0,0.1
HDy,MoSS_Dir,MoSS_Dir,0.0,0.3133689839572192,1.0,0.2
HDy,MoSS_Dir,MoSS_Dir,0.0,0.08022598870056491,1.0,0.4
HDy,MoSS_Dir,MoSS_Dir,0.0,0.06666666666666665,1.0,0.6
HDy,MoSS_Dir,MoSS_Dir,0.0,0.3639810426540284,1.0,0.8
HDy,MoSS_Dir,MoSS_Dir,0.0,0.491891891891892,1.0,1.0
SORD,MoSS_Dir,MoSS_Dir,0.0,0.0,0.1,0.1
SORD,MoSS_Dir,MoSS_Dir,0.0,0.0,0.1,0.2
SORD,MoSS_Dir,MoSS_Dir,0.0,0.0,0.1,0.4
SORD,MoSS_Dir,MoSS_Dir,0.0,0.0,0.1,0.6
SORD,MoSS_Dir,MoSS_Dir,0.0,0.0,0.1,0.8
SORD,MoSS_Dir,MoSS_Dir,0.0,0.0,0.1,1.0
SORD,MoSS_Dir,MoSS_Dir,0.0,0.0010101010101010166,0.25,0.1
SORD,MoSS_Dir,MoSS_Dir,0.0,0.008080808080808077,0.25,0.2
SORD,MoSS_Dir,MoSS_Dir,0.0,0.003960396039603964,0.25,0.4
SORD,MoSS_Dir,MoSS_Dir,0.0,0.005940594059405946,0.25,0.6
SORD,MoSS_Dir,MoSS_Dir,0.0,0.001980198019801982,0.25,0.8
SORD,MoSS_Dir,MoSS_Dir,0.0,0.0,0.25,1.0
SORD,MoSS_Dir,MoSS_Dir,0.0,0.0010101010101010166,0.5,0.1
SORD,MoSS_Dir,MoSS_Dir,0.5,0.06126126126126119,0.5,0.2
SORD,MoSS_Dir,MoSS_Dir,0.5,0.4,0.5,0.4
SORD,MoSS_Dir,MoSS_Dir,0.5,0.0060606060606061,0.5,0.6
SORD,MoSS_Dir,MoSS_Dir,0.5,0.09357798165137621,0.5,0.8
SORD,MoSS_Dir,MoSS_Dir,0.5,0.029126213592232997,0.5,1.0
SORD,MoSS_Dir,MoSS_Dir,0.25,0.1,0.75,0.1
SORD,MoSS_Dir,MoSS_Dir,0.0,0.23518518518518516,0.75,0.2
SORD,MoSS_Dir,MoSS_Dir,0.0,0.08550724637681162,0.75,0.4
SORD,MoSS_Dir,MoSS_Dir,0.0,0.041860465116279055,0.75,0.6
SORD,MoSS_Dir,MoSS_Dir,0.0,0.02608695652173909,0.75,0.8
SORD,MoSS_Dir,MoSS_Dir,0.0,1.0,0.75,1.0
SORD,MoSS_Dir,MoSS_Dir,0.0,0.5557377049180329,1.0,0.1
SORD,MoSS_Dir,MoSS_Dir,0.0,0.31,1.0,0.2
SORD,MoSS_Dir,MoSS_Dir,0.5,0.238157894736842,1.0,0.4
SORD,MoSS_Dir,MoSS_Dir,0.5,0.11428571428571427,1.0,0.6
SORD,MoSS_Dir,MoSS_Dir,0.25,0.21489361702127663,1.0,0.8
SORD,MoSS_Dir,MoSS_Dir,0.5,0.5402298850574713,1.0,1.0
SMM,MoSS_Dir,MoSS_Dir,0.0,0.003236307442862754,0.1,0.1
SMM,MoSS_Dir,MoSS_Dir,0.0,0.0009016496485334535,0.1,0.2
SMM,MoSS_Dir,MoSS_Dir,0.0,0.0007387555942640622,0.1,0.4
SMM,MoSS_Dir,MoSS_Dir,0.0,0.003908620352466308,0.1,0.6
SMM,MoSS_Dir,MoSS_Dir,0.0,0.0016563678366944279,0.1,0.8
SMM,MoSS_Dir,MoSS_Dir,0.0,0.004655022708648704,0.1,1.0
SMM,MoSS_Dir,MoSS_Dir,0.0,0.009702567308917734,0.25,0.1
SMM,MoSS_Dir,MoSS_Dir,0.0,0.0018784392602301248,0.25,0.2
SMM,MoSS_Dir,MoSS_Dir,0.0,0.0024431854320726143,0.25,0.4
SMM,MoSS_Dir,MoSS_Dir,0.0,0.0027991316905601193,0.25,0.6
SMM,MoSS_Dir,MoSS_Dir,0.0,0.0032336383908412314,0.25,0.8
SMM,MoSS_Dir,MoSS_Dir,0.0,0.007280020040476787,0.25,1.0
SMM,MoSS_Dir,MoSS_Dir,0.0,0.06686206992207,0.5,0.1
SMM,MoSS_Dir,MoSS_Dir,0.0,0.028071399695209692,0.5,0.2
SMM,MoSS_Dir,MoSS_Dir,0.0,0.19787665732745194,0.5,0.4
SMM,MoSS_Dir,MoSS_Dir,0.5,0.006086366115476194,0.5,0.6
SMM,MoSS_Dir,MoSS_Dir,0.0,0.038160622996495586,0.5,0.8
SMM,MoSS_Dir,MoSS_Dir,0.5,0.029411997715750537,0.5,1.0
SMM,MoSS_Dir,MoSS_Dir,0.25,0.24312065571876057,0.75,0.1
SMM,MoSS_Dir,MoSS_Dir,0.0,0.17309811925604357,0.75,0.2
SMM,MoSS_Dir,MoSS_Dir,0.25,0.1208743501781126,0.75,0.4
SMM,MoSS_Dir,MoSS_Dir,0.25,1.0552701130310962,0.75,0.6
SMM,MoSS_Dir,MoSS_Dir,0.0,0.12962659649070996,0.75,0.8
SMM,MoSS_Dir,MoSS_Dir,0.25,0.04918147161845421,0.75,1.0
SMM,MoSS_Dir,MoSS_Dir,0.0,1.8615303231145188,1.0,0.1
SMM,MoSS_Dir,MoSS_Dir,0.5,0.37540121801477105,1.0,0.2
SMM,MoSS_Dir,MoSS_Dir,0.0,2.160912256312195,1.0,0.4
SMM,MoSS_Dir,MoSS_Dir,0.0,0.15426008263926155,1.0,0.6
SMM,MoSS_Dir,MoSS_Dir,0.5,0.31353917702344436,1.0,0.8
SMM,MoSS_Dir,MoSS_Dir,0.0,0.4533443840395617,1.0,1.0
ACC,MoSS_Dir,MoSS_Dir,0.0,0.4,0.1,0.1
ACC,MoSS_Dir,MoSS_Dir,0.0,0.3,0.1,0.2
ACC,MoSS_Dir,MoSS_Dir,0.0,0.09999999999999998,0.1,0.4
ACC,MoSS_Dir,MoSS_Dir,0.0,0.09999999999999998,0.1,0.6
ACC,MoSS_Dir,MoSS_Dir,0.0,0.30000000000000004,0.1,0.8
ACC,MoSS_Dir,MoSS_Dir,0.0,0.5,0.1,1.0
ACC,MoSS_Dir,MoSS_Dir,0.0,0.4,0.25,0.1
ACC,MoSS_Dir,MoSS_Dir,0.0,0.3,0.25,0.2
ACC,MoSS_Dir,MoSS_Dir,0.0,0.09999999999999998,0.25,0.4
ACC,MoSS_Dir,MoSS_Dir,0.0,0.09999999999999998,0.25,0.6
ACC,MoSS_Dir,MoSS_Dir,0.0,0.30000000000000004,0.25,0.8
ACC,MoSS_Dir,MoSS_Dir,0.0,0.5,0.25,1.0
ACC,MoSS_Dir,MoSS_Dir,0.0,0.3999999999999999,0.5,0.1
ACC,MoSS_Dir,MoSS_Dir,0.5,0.3,0.5,0.2
ACC,MoSS_Dir,MoSS_Dir,0.0,0.09999999999999998,0.5,0.4
ACC,MoSS_Dir,MoSS_Dir,0.5,0.09999999999999998,0.5,0.6
ACC,MoSS_Dir,MoSS_Dir,0.25,0.30000000000000004,0.5,0.8
ACC,MoSS_Dir,MoSS_Dir,0.0,0.5,0.5,1.0
ACC,MoSS_Dir,MoSS_Dir,0.0,0.40000000000000013,0.75,0.1
ACC,MoSS_Dir,MoSS_Dir,0.0,0.3000000000000002,0.75,0.2
ACC,MoSS_Dir,MoSS_Dir,0.0,0.0999999999999997,0.75,0.4
ACC,MoSS_Dir,MoSS_Dir,0.0,0.1000000000000002,0.75,0.6
ACC,MoSS_Dir,MoSS_Dir,0.25,0.30000000000000004,0.75,0.8
ACC,MoSS_Dir,MoSS_Dir,0.0,0.5,0.75,1.0
ACC,MoSS_Dir,MoSS_Dir,0.5,0.4,1.0,0.1
ACC,MoSS_Dir,MoSS_Dir,0.5,0.3,1.0,0.2
ACC,MoSS_Dir,MoSS_Dir,0.5,0.09999999999999959,1.0,0.4
ACC,MoSS_Dir,MoSS_Dir,0.0,0.10799999999999998,1.0,0.6
ACC,MoSS_Dir,MoSS_Dir,0.5,0.30000000000000004,1.0,0.8
ACC,MoSS_Dir,MoSS_Dir,0.0,0.5,1.0,1.0
X_method,MoSS_Dir,MoSS_Dir,0.0,0.4,0.1,0.1
X_method,MoSS_Dir,MoSS_Dir,0.0,0.29899598393574295,0.1,0.2
X_method,MoSS_Dir,MoSS_Dir,0.0,0.09999999999999998,0.1,0.4
X_method,MoSS_Dir,MoSS_Dir,0.0,0.09999999999999998,0.1,0.6
X_method,MoSS_Dir,MoSS_Dir,0.0,0.30000000000000004,0.1,0.8
X_method,MoSS_Dir,MoSS_Dir,0.0,0.501004016064257,0.1,1.0
X_method,MoSS_Dir,MoSS_Dir,0.0,0.39692622950819667,0.25,0.1
X_method,MoSS_Dir,MoSS_Dir,0.0,0.29691991786447636,0.25,0.2
X_method,MoSS_Dir,MoSS_Dir,0.0,0.09794238683127571,0.25,0.4
X_method,MoSS_Dir,MoSS_Dir,0.0,0.09999999999999998,0.25,0.6
X_method,MoSS_Dir,MoSS_Dir,0.0,0.30000000000000004,0.25,0.8
X_method,MoSS_Dir,MoSS_Dir,0.0,0.4917864476386037,0.25,1.0
X_method,MoSS_Dir,MoSS_Dir,0.5,0.4619469026548674,0.5,0.1
X_method,MoSS_Dir,MoSS_Dir,0.0,0.3240174672489083,0.5,0.2
X_method,MoSS_Dir,MoSS_Dir,0.5,0.09999999999999998,0.5,0.4
X_method,MoSS_Dir,MoSS_Dir,0.0,0.09999999999999998,0.5,0.6
X_method,MoSS_Dir,MoSS_Dir,0.5,0.2773662551440329,0.5,0.8
X_method,MoSS_Dir,MoSS_Dir,0.5,0.4999999999999999,0.5,1.0
X_method,MoSS_Dir,MoSS_Dir,0.25,0.4414847161572053,0.75,0.1
X_method,MoSS_Dir,MoSS_Dir,0.0,0.3,0.75,0.2
X_method,MoSS_Dir,MoSS_Dir,0.0,0.15482456140350875,0.75,0.4
X_method,MoSS_Dir,MoSS_Dir,0.25,0.05540916136618734,0.75,0.6
X_method,MoSS_Dir,MoSS_Dir,0.0,0.17179487179487163,0.75,0.8
X_method,MoSS_Dir,MoSS_Dir,0.0,0.4999999999999999,0.75,1.0
X_method,MoSS_Dir,MoSS_Dir,0.25,0.31326530612244896,1.0,0.1
X_method,MoSS_Dir,MoSS_Dir,0.25,0.3,1.0,0.2
X_method,MoSS_Dir,MoSS_Dir,0.0,0.07804878048780478,1.0,0.4
X_method,MoSS_Dir,MoSS_Dir,0.0,0.09999999999999998,1.0,0.6
X_method,MoSS_Dir,MoSS_Dir,0.25,0.30000000000000004,1.0,0.8
X_method,MoSS_Dir,MoSS_Dir,0.0,0.5000000000000002,1.0,1.0
T50,MoSS_Dir,MoSS_Dir,0.0,0.40672503683121763,0.1,0.1
T50,MoSS_Dir,MoSS_Dir,0.0,0.3,0.1,0.2
T50,MoSS_Dir,MoSS_Dir,0.0,0.11823217170551581,0.1,0.4
T50,MoSS_Dir,MoSS_Dir,0.0,0.08362235067437374,0.1,0.6
T50,MoSS_Dir,MoSS_Dir,0.0,0.28588120740019474,0.1,0.8
T50,MoSS_Dir,MoSS_Dir,0.0,0.5000253412294005,0.1,1.0
T50,MoSS_Dir,MoSS_Dir,0.0,0.3931237721021611,0.25,0.1
T50,MoSS_Dir,MoSS_Dir,0.0,0.2940944881889763,0.25,0.2
T50,MoSS_Dir,MoSS_Dir,0.0,0.09999999999999998,0.25,0.4
T50,MoSS_Dir,MoSS_Dir,0.0,0.1005045408678103,0.25,0.6
T50,MoSS_Dir,MoSS_Dir,0.0,0.2965034965034966,0.25,0.8
T50,MoSS_Dir,MoSS_Dir,0.0,0.49502982107355864,0.25,1.0
T50,MoSS_Dir,MoSS_Dir,0.0,0.38987854251012144,0.5,0.1
T50,MoSS_Dir,MoSS_Dir,0.5,0.3121951219512195,0.5,0.2
T50,MoSS_Dir,MoSS_Dir,0.0,0.06666666666666671,0.5,0.4
T50,MoSS_Dir,MoSS_Dir,0.0,0.11014492753623184,0.5,0.6
T50,MoSS_Dir,MoSS_Dir,0.5,0.30884353741496606,0.5,0.8
T50,MoSS_Dir,MoSS_Dir,0.5,0.4951724137931035,0.5,1.0
T50,MoSS_Dir,MoSS_Dir,0.25,0.4043914680050188,0.75,0.1
T50,MoSS_Dir,MoSS_Dir,0.25,0.3121951219512195,0.75,0.2
T50,MoSS_Dir,MoSS_Dir,0.0,0.09999999999999998,0.75,0.4
T50,MoSS_Dir,MoSS_Dir,0.25,0.0431818181818181,0.75,0.6
T50,MoSS_Dir,MoSS_Dir,0.0,0.8,0.75,0.8
T50,MoSS_Dir,MoSS_Dir,0.25,0.4838709677419355,0.75,1.0
T50,MoSS_Dir,MoSS_Dir,0.25,0.396028723751496,1.0,0.1
T50,MoSS_Dir,MoSS_Dir,0.0,0.30613799283154125,1.0,0.2
T50,MoSS_Dir,MoSS_Dir,0.5,0.09547218628719267,1.0,0.4
T50,MoSS_Dir,MoSS_Dir,0.5,0.09791955617198334,1.0,0.6
T50,MoSS_Dir,MoSS_Dir,0.0,0.3101449275362319,1.0,0.8
T50,MoSS_Dir,MoSS_Dir,0.5,0.5,1.0,1.0
MAX,MoSS_Dir,MoSS_Dir,0.0,0.4,0.1,0.1
MAX,MoSS_Dir,MoSS_Dir,0.0,0.3,0.1,0.2
MAX,MoSS_Dir,MoSS_Dir,0.0,0.09999999999999998,0.1,0.4
MAX,MoSS_Dir,MoSS_Dir,0.0,0.09999999999999998,0.1,0.6
MAX,MoSS_Dir,MoSS_Dir,0.0,0.30100000000000005,0.1,0.8
MAX,MoSS_Dir,MoSS_Dir,0.0,0.498997995991984,0.1,1.0
MAX,MoSS_Dir,MoSS_Dir,0.0,0.4,0.25,0.1
MAX,MoSS_Dir,MoSS_Dir,0.0,0.29897330595482546,0.25,0.2
MAX,MoSS_Dir,MoSS_Dir,0.0,0.09492900608519267,0.25,0.4
MAX,MoSS_Dir,MoSS_Dir,0.0,0.10308641975308641,0.25,0.6
MAX,MoSS_Dir,MoSS_Dir,0.0,0.2959758551307847,0.25,0.8
MAX,MoSS_Dir,MoSS_Dir,0.0,0.4958932238193019,0.25,1.0
MAX,MoSS_Dir,MoSS_Dir,0.25,0.15485436893203877,0.5,0.1
MAX,MoSS_Dir,MoSS_Dir,0.0,0.38114035087719306,0.5,0.2
MAX,MoSS_Dir,MoSS_Dir,0.5,0.16308411214953267,0.5,0.4
MAX,MoSS_Dir,MoSS_Dir,0.0,0.4,0.5,0.6
MAX,MoSS_Dir,MoSS_Dir,0.5,0.1976744186046513,0.5,0.8
MAX,MoSS_Dir,MoSS_Dir,0.25,0.576271186440678,0.5,1.0
MAX,MoSS_Dir,MoSS_Dir,0.25,0.39374999999999993,0.75,0.1
MAX,MoSS_Dir,MoSS_Dir,0.0,0.2,0.75,0.2
MAX,MoSS_Dir,MoSS_Dir,0.25,0.4263888888888887,0.75,0.4
MAX,MoSS_Dir,MoSS_Dir,0.0,0.18730158730158714,0.75,0.6
MAX,MoSS_Dir,MoSS_Dir,0.0,0.8,0.75,0.8
MAX,MoSS_Dir,MoSS_Dir,0.25,0.6953124999999998,0.75,1.0
MAX,MoSS_Dir,MoSS_Dir,0.0,0.1,1.0,0.1
MAX,MoSS_Dir,MoSS_Dir,0.5,0.31694915254237294,1.0,0.2
MAX,MoSS_Dir,MoSS_Dir,0.5,0.4,1.0,0.4
MAX,MoSS_Dir,MoSS_Dir,0.5,0.20042735042735044,1.0,0.6
MAX,MoSS_Dir,MoSS_Dir,0.25,0.044680851063829796,1.0,0.8
MAX,MoSS_Dir,MoSS_Dir,0.5,1.0,1.0,1.0
MS,MoSS_Dir,MoSS_Dir,0.0,0.4,0.1,0.1
MS,MoSS_Dir,MoSS_Dir,0.0,0.29899799599198396,0.1,0.2
MS,MoSS_Dir,MoSS_Dir,0.0,0.09999999999999998,0.1,0.4
MS,MoSS_Dir,MoSS_Dir,0.0,0.09999999999999998,0.1,0.6
MS,MoSS_Dir,MoSS_Dir,0.0,0.30000000000000004,0.1,0.8
MS,MoSS_Dir,MoSS_Dir,0.0,0.5,0.1,1.0
MS,MoSS_Dir,MoSS_Dir,0.0,0.401,0.25,0.1
MS,MoSS_Dir,MoSS_Dir,0.0,0.302,0.25,0.2
MS,MoSS_Dir,MoSS_Dir,0.0,0.10099999999999998,0.25,0.4
MS,MoSS_Dir,MoSS_Dir,0.0,0.09795081967213115,0.25,0.6
MS,MoSS_Dir,MoSS_Dir,0.0,0.29700000000000004,0.25,0.8
MS,MoSS_Dir,MoSS_Dir,0.0,0.502,0.25,1.0
MS,MoSS_Dir,MoSS_Dir,0.5,0.41300000000000003,0.5,0.1
MS,MoSS_Dir,MoSS_Dir,0.0,0.298,0.5,0.2
MS,MoSS_Dir,MoSS_Dir,0.5,0.118,0.5,0.4
MS,MoSS_Dir,MoSS_Dir,0.0,0.10599999999999998,0.5,0.6
MS,MoSS_Dir,MoSS_Dir,0.0,0.338,0.5,0.8
MS,MoSS_Dir,MoSS_Dir,0.5,0.517,0.5,1.0
MS,MoSS_Dir,MoSS_Dir,0.0,0.41900000000000004,0.75,0.1
MS,MoSS_Dir,MoSS_Dir,0.25,0.286,0.75,0.2
MS,MoSS_Dir,MoSS_Dir,0.25,0.11099999999999999,0.75,0.4
MS,MoSS_Dir,MoSS_Dir,0.25,6.528571428571445,0.75,0.6
MS,MoSS_Dir,MoSS_Dir,0.0,0.28400000000000003,0.75,0.8
MS,MoSS_Dir,MoSS_Dir,0.25,0.507,0.75,1.0
MS,MoSS_Dir,MoSS_Dir,0.0,0.41200000000000003,1.0,0.1
MS,MoSS_Dir,MoSS_Dir,0.5,11.799999999999947,1.0,0.2
MS,MoSS_Dir,MoSS_Dir,0.25,0.08599999999999997,1.0,0.4
MS,MoSS_Dir,MoSS_Dir,0.0,0.10399999999999998,1.0,0.6
MS,MoSS_Dir,MoSS_Dir,0.5,3.8937499999999963,1.0,0.8
MS,MoSS_Dir,MoSS_Dir,0.5,0.512,1.0,1.0
MS2,MoSS_Dir,MoSS_Dir,0.0,0.4,0.1,0.1
MS2,MoSS_Dir,MoSS_Dir,0.0,0.3,0.1,0.2
MS2,MoSS_Dir,MoSS_Dir,0.0,0.09999999999999998,0.1,0.4
MS2,MoSS_Dir,MoSS_Dir,0.0,0.09999999999999998,0.1,0.6
MS2,MoSS_Dir,MoSS_Dir,0.0,0.30000000000000004,0.1,0.8
MS2,MoSS_Dir,MoSS_Dir,0.0,0.5,0.1,1.0
MS2,MoSS_Dir,MoSS_Dir,0.0,0.4,0.25,0.1
MS2,MoSS_Dir,MoSS_Dir,0.0,0.3,0.25,0.2
MS2,MoSS_Dir,MoSS_Dir,0.0,0.09999999999999998,0.25,0.4
MS2,MoSS_Dir,MoSS_Dir,0.0,0.09999999999999998,0.25,0.6
MS2,MoSS_Dir,MoSS_Dir,0.0,0.30000000000000004,0.25,0.8
MS2,MoSS_Dir,MoSS_Dir,0.0,0.4989733059548255,0.25,1.0
MS2,MoSS_Dir,MoSS_Dir,0.5,0.4280373831775701,0.5,0.1
MS2,MoSS_Dir,MoSS_Dir,0.0,0.28897058823529403,0.5,0.2
MS2,MoSS_Dir,MoSS_Dir,0.25,0.07303921568627453,0.5,0.4
MS2,MoSS_Dir,MoSS_Dir,0.5,0.11699999999999999,0.5,0.6
MS2,MoSS_Dir,MoSS_Dir,0.25,0.2867149758454106,0.5,0.8
MS2,MoSS_Dir,MoSS_Dir,0.5,0.4753363228699552,0.5,1.0
MS2,MoSS_Dir,MoSS_Dir,0.25,0.37468354430379747,0.75,0.1
MS2,MoSS_Dir,MoSS_Dir,0.25,0.28847926267281104,0.75,0.2
MS2,MoSS_Dir,MoSS_Dir,0.25,0.10799999999999998,0.75,0.4
MS2,MoSS_Dir,MoSS_Dir,0.25,0.09999999999999998,0.75,0.6
MS2,MoSS_Dir,MoSS_Dir,0.0,0.29600000000000004,0.75,0.8
MS2,MoSS_Dir,MoSS_Dir,0.25,0.4849246231155778,0.75,1.0
MS2,MoSS_Dir,MoSS_Dir,0.0,1.548148148148151,1.0,0.1
MS2,MoSS_Dir,MoSS_Dir,0.25,0.306,1.0,0.2
MS2,MoSS_Dir,MoSS_Dir,0.0,5.0249999999999675,1.0,0.4
MS2,MoSS_Dir,MoSS_Dir,0.5,0.119,1.0,0.6
MS2,MoSS_Dir,MoSS_Dir,0.0,0.29200000000000004,1.0,0.8
MS2,MoSS_Dir,MoSS_Dir,0.0,0.5,1.0,1.0
DyS,MoSS_Dir,MoSS,0.0,0.0006148124737897637,0.1,0.1
DyS,MoSS_Dir,MoSS,0.0,0.0011075677891563551,0.1,0.2
DyS,MoSS_Dir,MoSS,0.0,0.0006880528782891582,0.1,0.4
DyS,MoSS_Dir,MoSS,0.0,5.877404961729393e-05,0.1,0.6
DyS,MoSS_Dir,MoSS,0.0,0.0015678166728492204,0.1,0.8
DyS,MoSS_Dir,MoSS,0.0,4.455239404765887e-05,0.1,1.0
DyS,MoSS_Dir,MoSS,0.0,0.00645669382375097,0.25,0.1
DyS,MoSS_Dir,MoSS,0.0,0.0007979630051515862,0.25,0.2
DyS,MoSS_Dir,MoSS,0.0,0.008549315423015125,0.25,0.4
DyS,MoSS_Dir,MoSS,0.0,0.00377424445508312,0.25,0.6
DyS,MoSS_Dir,MoSS,0.0,0.004154456616329294,0.25,0.8
DyS,MoSS_Dir,MoSS,0.0,0.0006001369144582602,0.25,1.0
DyS,MoSS_Dir,MoSS,0.0,0.010313055525430923,0.5,0.1
DyS,MoSS_Dir,MoSS,0.5,0.045034252455223855,0.5,0.2
DyS,MoSS_Dir,MoSS,0.25,0.10138883911371904,0.5,0.4
DyS,MoSS_Dir,MoSS,0.0,0.012070494537817944,0.5,0.6
DyS,MoSS_Dir,MoSS,0.25,0.02596897295868128,0.5,0.8
DyS,MoSS_Dir,MoSS,0.25,0.05306833474924255,0.5,1.0
DyS,MoSS_Dir,MoSS,0.0,0.2582126693726746,0.75,0.1
DyS,MoSS_Dir,MoSS,0.0,0.20313452039323515,0.75,0.2
DyS,MoSS_Dir,MoSS,0.25,0.355177264292019,0.75,0.4
DyS,MoSS_Dir,MoSS,0.0,0.03259812646651705,0.75,0.6
DyS,MoSS_Dir,MoSS,0.25,0.04165474011785075,0.75,0.8
DyS,MoSS_Dir,MoSS,0.25,0.04832737263923803,0.75,1.0
DyS,MoSS_Dir,MoSS,0.0,0.4290037159922986,1.0,0.1
DyS,MoSS_Dir,MoSS,0.5,0.28570720253807497,1.0,0.2
DyS,MoSS_Dir,MoSS,0.0,0.04357465625732321,1.0,0.4
DyS,MoSS_Dir,MoSS,0.0,0.06927043322293858,1.0,0.6
DyS,MoSS_Dir,MoSS,0.5,0.042019812872672535,1.0,0.8
DyS,MoSS_Dir,MoSS,0.0,0.4081898198840088,1.0,1.0
HDy,MoSS_Dir,MoSS,0.0,0.00954773869346734,0.1,0.1
HDy,MoSS_Dir,MoSS,0.0,0.010000000000000009,0.1,0.2
HDy,MoSS_Dir,MoSS,0.0,0.0,0.1,0.4
HDy,MoSS_Dir,MoSS,0.0,0.0,0.1,0.6
HDy,MoSS_Dir,MoSS,0.0,0.004020100502512447,0.1,0.8
HDy,MoSS_Dir,MoSS,0.0,0.0,0.1,1.0
HDy,MoSS_Dir,MoSS,0.0,0.0108910891089109,0.25,0.1
HDy,MoSS_Dir,MoSS,0.0,0.002020202020202033,0.25,0.2
HDy,MoSS_Dir,MoSS,0.0,0.003960396039603964,0.25,0.4
HDy,MoSS_Dir,MoSS,0.0,0.010000000000000009,0.25,0.6
HDy,MoSS_Dir,MoSS,0.0,0.001980198019801982,0.25,0.8
HDy,MoSS_Dir,MoSS,0.0,0.00990099009900991,0.25,1.0
HDy,MoSS_Dir,MoSS,0.5,0.05609756097560978,0.5,0.1
HDy,MoSS_Dir,MoSS,0.5,0.020095693779904333,0.5,0.2
HDy,MoSS_Dir,MoSS,0.25,0.03523316062176157,0.5,0.4
HDy,MoSS_Dir,MoSS,0.25,0.02180094786729858,0.5,0.6
HDy,MoSS_Dir,MoSS,0.5,0.0,0.5,0.8
HDy,MoSS_Dir,MoSS,0.0,0.030000000000000027,0.5,1.0
HDy,MoSS_Dir,MoSS,0.0,0.12772277227722773,0.75,0.1
HDy,MoSS_Dir,MoSS,0.25,0.1842105263157895,0.75,0.2
HDy,MoSS_Dir,MoSS,0.25,0.054054054054054,0.75,0.4
HDy,MoSS_Dir,MoSS,0.0,0.0752475247524752,0.75,0.6
HDy,MoSS_Dir,MoSS,0.0,0.13793103448275867,0.75,0.8
HDy,MoSS_Dir,MoSS,0.0,0.2849740932642487,0.75,1.0
HDy,MoSS_Dir,MoSS,0.0,0.3840425531914894,1.0,0.1
HDy,MoSS_Dir,MoSS,0.25,0.2928229665071771,1.0,0.2
HDy,MoSS_Dir,MoSS,0.25,0.03269230769230769,1.0,0.4
HDy,MoSS_Dir,MoSS,0.5,0.061187214611872154,1.0,0.6
HDy,MoSS_Dir,MoSS,0.0,0.26341463414634136,1.0,0.8
HDy,MoSS_Dir,MoSS,0.5,0.4285714285714286,1.0,1.0
SORD,MoSS_Dir,MoSS,0.0,0.0,0.1,0.1
SORD,MoSS_Dir,MoSS,0.0,0.0,0.1,0.2
SORD,MoSS_Dir,MoSS,0.0,0.0,0.1,0.4
SORD,MoSS_Dir,MoSS,0.0,0.0,0.1,0.6
SORD,MoSS_Dir,MoSS,0.0,0.007920792079207928,0.1,0.8
SORD,MoSS_Dir,MoSS,0.0,0.0,0.1,1.0
SORD,MoSS_Dir,MoSS,0.0,0.008910891089108905,0.25,0.1
SORD,MoSS_Dir,MoSS,0.0,0.006122448979591855,0.25,0.2
SORD,MoSS_Dir,MoSS,0.0,0.0020618556701030855,0.25,0.4
SORD,MoSS_Dir,MoSS,0.0,0.01836734693877551,0.25,0.6
SORD,MoSS_Dir,MoSS,0.0,0.002020202020202033,0.25,0.8
SORD,MoSS_Dir,MoSS,0.0,0.0,0.25,1.0
SORD,MoSS_Dir,MoSS,0.0,0.030693069306930693,0.5,0.1
SORD,MoSS_Dir,MoSS,0.25,0.002020202020202033,0.5,0.2
SORD,MoSS_Dir,MoSS,0.25,0.0024096385542168863,0.5,0.4
SORD,MoSS_Dir,MoSS,0.5,0.0,0.5,0.6
SORD,MoSS_Dir,MoSS,0.5,0.024742268041237025,0.5,0.8
SORD,MoSS_Dir,MoSS,0.5,0.0,0.5,1.0
SORD,MoSS_Dir,MoSS,0.25,0.26170212765957446,0.75,0.1
SORD,MoSS_Dir,MoSS,0.25,0.1673469387755102,0.75,0.2
SORD,MoSS_Dir,MoSS,0.25,0.010526315789473661,0.75,0.4
SORD,MoSS_Dir,MoSS,0.25,0.03434343434343423,0.75,0.6
SORD,MoSS_Dir,MoSS,0.0,0.03364485981308418,0.75,0.8
SORD,MoSS_Dir,MoSS,0.0,0.30188679245283023,0.75,1.0
SORD,MoSS_Dir,MoSS,0.25,0.5105263157894737,1.0,0.1
SORD,MoSS_Dir,MoSS,0.5,0.2,1.0,0.2
SORD,MoSS_Dir,MoSS,0.0,0.0752475247524752,1.0,0.4
SORD,MoSS_Dir,MoSS,0.5,0.0444444444444444,1.0,0.6
SORD,MoSS_Dir,MoSS,0.5,0.5017543859649123,1.0,0.8
SORD,MoSS_Dir,MoSS,0.25,0.4897959183673469,1.0,1.0
SMM,MoSS_Dir,MoSS,0.0,0.003987360131574996,0.1,0.1
SMM,MoSS_Dir,MoSS,0.0,0.003232692790134356,0.1,0.2
SMM,MoSS_Dir,MoSS,0.0,0.004706836223146438,0.1,0.4
SMM,MoSS_Dir,MoSS,0.0,0.008030372263961527,0.1,0.6
SMM,MoSS_Dir,MoSS,0.0,0.0031518020581486894,0.1,0.8
SMM,MoSS_Dir,MoSS,0.0,0.0014574207198623235,0.1,1.0
SMM,MoSS_Dir,MoSS,0.0,0.004467486738000806,0.25,0.1
SMM,MoSS_Dir,MoSS,0.0,0.01863224620770032,0.25,0.2
SMM,MoSS_Dir,MoSS,0.0,0.011849173970112314,0.25,0.4
SMM,MoSS_Dir,MoSS,0.0,0.01143685133608352,0.25,0.6
SMM,MoSS_Dir,MoSS,0.0,0.004636932548191308,0.25,0.8
SMM,MoSS_Dir,MoSS,0.0,0.017956185803013724,0.25,1.0
SMM,MoSS_Dir,MoSS,0.25,0.0029226103581517365,0.5,0.1
SMM,MoSS_Dir,MoSS,0.5,0.004357789366101594,0.5,0.2
SMM,MoSS_Dir,MoSS,0.0,0.030192269909390057,0.5,0.4
SMM,MoSS_Dir,MoSS,0.0,0.3295006618373806,0.5,0.6
SMM,MoSS_Dir,MoSS,0.25,0.06152094244227291,0.5,0.8
SMM,MoSS_Dir,MoSS,0.25,0.0752223869122175,0.5,1.0
SMM,MoSS_Dir,MoSS,0.25,0.03676689245597356,0.75,0.1
SMM,MoSS_Dir,MoSS,0.25,0.16283461711466646,0.75,0.2
SMM,MoSS_Dir,MoSS,0.0,2.7879755833465216,0.75,0.4
SMM,MoSS_Dir,MoSS,0.0,0.09906905520334286,0.75,0.6
SMM,MoSS_Dir,MoSS,0.0,0.2072435922893736,0.75,0.8
SMM,MoSS_Dir,MoSS,0.0,0.007313249590969129,0.75,1.0
SMM,MoSS_Dir,MoSS,0.5,0.43815322876307805,1.0,0.1
SMM,MoSS_Dir,MoSS,0.0,0.3359178866908215,1.0,0.2
SMM,MoSS_Dir,MoSS,0.5,0.09477043501194804,1.0,0.4
SMM,MoSS_Dir,MoSS,0.0,0.08489025720854437,1.0,0.6
SMM,MoSS_Dir,MoSS,0.0,0.615926275660512,1.0,0.8
SMM,MoSS_Dir,MoSS,0.5,0.5045166199337712,1.0,1.0
ACC,MoSS_Dir,MoSS,0.0,0.4,0.1,0.1
ACC,MoSS_Dir,MoSS,0.0,0.3,0.1,0.2
ACC,MoSS_Dir,MoSS,0.0,0.09999999999999998,0.1,0.4
ACC,MoSS_Dir,MoSS,0.0,0.09999999999999998,0.1,0.6
ACC,MoSS_Dir,MoSS,0.0,0.30000000000000004,0.1,0.8
ACC,MoSS_Dir,MoSS,0.0,0.5,0.1,1.0
ACC,MoSS_Dir,MoSS,0.0,0.4,0.25,0.1
ACC,MoSS_Dir,MoSS,0.0,0.3,0.25,0.2
ACC,MoSS_Dir,MoSS,0.0,0.09999999999999998,0.25,0.4
ACC,MoSS_Dir,MoSS,0.0,0.09999999999999998,0.25,0.6
ACC,MoSS_Dir,MoSS,0.0,0.30000000000000004,0.25,0.8
ACC,MoSS_Dir,MoSS,0.0,0.5,0.25,1.0
ACC,MoSS_Dir,MoSS,0.5,0.4,0.5,0.1
ACC,MoSS_Dir,MoSS,0.0,0.3,0.5,0.2
ACC,MoSS_Dir,MoSS,0.5,0.09999999999999998,0.5,0.4
ACC,MoSS_Dir,MoSS,0.25,0.09999999999999998,0.5,0.6
ACC,MoSS_Dir,MoSS,0.5,0.3000000000000001,0.5,0.8
ACC,MoSS_Dir,MoSS,0.0,0.5,0.5,1.0
ACC,MoSS_Dir,MoSS,0.0,0.4,0.75,0.1
ACC,MoSS_Dir,MoSS,0.0,0.29999999999999993,0.75,0.2
ACC,MoSS_Dir,MoSS,0.0,0.09999999999999998,0.75,0.4
ACC,MoSS_Dir,MoSS,0.0,0.09999999999999998,0.75,0.6
ACC,MoSS_Dir,MoSS,0.0,0.3000000000000001,0.75,0.8
ACC,MoSS_Dir,MoSS,0.25,0.5,0.75,1.0
ACC,MoSS_Dir,MoSS,0.0,0.4,1.0,0.1
ACC,MoSS_Dir,MoSS,0.5,0.3,1.0,0.2
ACC,MoSS_Dir,MoSS,0.5,0.09999999999999998,1.0,0.4
ACC,MoSS_Dir,MoSS,0.5,0.09999999999999998,1.0,0.6
ACC,MoSS_Dir,MoSS,0.5,0.30000000000000004,1.0,0.8
ACC,MoSS_Dir,MoSS,0.0,0.5,1.0,1.0
X_method,MoSS_Dir,MoSS,0.0,0.4,0.1,0.1
X_method,MoSS_Dir,MoSS,0.0,0.3,0.1,0.2
X_method,MoSS_Dir,MoSS,0.0,0.10100401606425702,0.1,0.4
X_method,MoSS_Dir,MoSS,0.0,0.09999999999999998,0.1,0.6
X_method,MoSS_Dir,MoSS,0.0,0.298995983935743,0.1,0.8
X_method,MoSS_Dir,MoSS,0.0,0.5,0.1,1.0
X_method,MoSS_Dir,MoSS,0.0,0.4137931034482759,0.25,0.1
X_method,MoSS_Dir,MoSS,0.0,0.30686498855835237,0.25,0.2
X_method,MoSS_Dir,MoSS,0.0,0.08960247761625872,0.25,0.4
X_method,MoSS_Dir,MoSS,0.0,0.11366742596810925,0.25,0.6
X_method,MoSS_Dir,MoSS,0.0,0.3186480186480187,0.25,0.8
X_method,MoSS_Dir,MoSS,0.0,0.4908675799086758,0.25,1.0
X_method,MoSS_Dir,MoSS,0.0,0.4672268907563025,0.5,0.1
X_method,MoSS_Dir,MoSS,0.0,0.24642857142857133,0.5,0.2
X_method,MoSS_Dir,MoSS,0.5,0.09999999999999998,0.5,0.4
X_method,MoSS_Dir,MoSS,0.25,0.08007246376811583,0.5,0.6
X_method,MoSS_Dir,MoSS,0.5,0.27942386831275723,0.5,0.8
X_method,MoSS_Dir,MoSS,0.0,0.46317829457364335,0.5,1.0
X_method,MoSS_Dir,MoSS,0.25,0.3532710280373831,0.75,0.1
X_method,MoSS_Dir,MoSS,0.25,0.3681818181818182,0.75,0.2
X_method,MoSS_Dir,MoSS,0.0,0.01574074074074089,0.75,0.4
X_method,MoSS_Dir,MoSS,0.25,0.09999999999999998,0.75,0.6
X_method,MoSS_Dir,MoSS,0.25,0.30000000000000004,0.75,0.8
X_method,MoSS_Dir,MoSS,0.25,0.5632911392405064,0.75,1.0
X_method,MoSS_Dir,MoSS,0.0,0.3821428571428571,1.0,0.1
X_method,MoSS_Dir,MoSS,0.5,0.3,1.0,0.2
X_method,MoSS_Dir,MoSS,0.5,0.03887539296941972,1.0,0.4
X_method,MoSS_Dir,MoSS,0.0,0.276470588235294,1.0,0.6
X_method,MoSS_Dir,MoSS,0.5,0.19999999999999996,1.0,0.8
X_method,MoSS_Dir,MoSS,0.0,1.0,1.0,1.0
T50,MoSS_Dir,MoSS,0.0,0.4024826216484608,0.1,0.1
T50,MoSS_Dir,MoSS,0.0,0.3,0.1,0.2
T50,MoSS_Dir,MoSS,0.0,0.10787401574803146,0.1,0.4
T50,MoSS_Dir,MoSS,0.0,0.10837438423645318,0.1,0.6
T50,MoSS_Dir,MoSS,0.0,0.30000000000000004,0.1,0.8
T50,MoSS_Dir,MoSS,0.0,0.5044510385756678,0.1,1.0
T50,MoSS_Dir,MoSS,0.0,0.38743718592964826,0.25,0.1
T50,MoSS_Dir,MoSS,0.0,0.2950177600352057,0.25,0.2
T50,MoSS_Dir,MoSS,0.0,0.09500998003992012,0.25,0.4
T50,MoSS_Dir,MoSS,0.0,0.09999999999999998,0.25,0.6
T50,MoSS_Dir,MoSS,0.0,0.2984709480122325,0.25,0.8
T50,MoSS_Dir,MoSS,0.0,0.5,0.25,1.0
T50,MoSS_Dir,MoSS,0.5,0.3919454770755886,0.5,0.1
T50,MoSS_Dir,MoSS,0.0,0.3058977719528178,0.5,0.2
T50,MoSS_Dir,MoSS,0.5,0.11570680628272256,0.5,0.4
T50,MoSS_Dir,MoSS,0.0,0.11908396946564881,0.5,0.6
T50,MoSS_Dir,MoSS,0.5,0.31554404145077725,0.5,0.8
T50,MoSS_Dir,MoSS,0.25,0.4964539007092199,0.5,1.0
T50,MoSS_Dir,MoSS,0.25,0.40621468926553683,0.75,0.1
T50,MoSS_Dir,MoSS,0.0,0.2787234042553191,0.75,0.2
T50,MoSS_Dir,MoSS,0.0,0.4,0.75,0.4
T50,MoSS_Dir,MoSS,0.0,0.4,0.75,0.6
T50,MoSS_Dir,MoSS,0.25,0.34320987654321,0.75,0.8
T50,MoSS_Dir,MoSS,0.25,0.4947856315179606,0.75,1.0
T50,MoSS_Dir,MoSS,0.5,0.1,1.0,0.1
T50,MoSS_Dir,MoSS,0.5,0.3,1.0,0.2
T50,MoSS_Dir,MoSS,0.25,0.09850746268656713,1.0,0.4
T50,MoSS_Dir,MoSS,0.0,0.09999999999999998,1.0,0.6
T50,MoSS_Dir,MoSS,0.5,0.13333333333333341,1.0,0.8
T50,MoSS_Dir,MoSS,0.0,0.502145922746781,1.0,1.0
MAX,MoSS_Dir,MoSS,0.0,0.4,0.1,0.1
MAX,MoSS_Dir,MoSS,0.0,0.3,0.1,0.2
MAX,MoSS_Dir,MoSS,0.0,0.09999999999999998,0.1,0.4
MAX,MoSS_Dir,MoSS,0.0,0.09999999999999998,0.1,0.6
MAX,MoSS_Dir,MoSS,0.0,0.30000000000000004,0.1,0.8
MAX,MoSS_Dir,MoSS,0.0,0.5,0.1,1.0
MAX,MoSS_Dir,MoSS,0.0,0.4034246575342467,0.25,0.1
MAX,MoSS_Dir,MoSS,0.0,0.27888888888888885,0.25,0.2
MAX,MoSS_Dir,MoSS,0.0,0.10449438202247197,0.25,0.4
MAX,MoSS_Dir,MoSS,0.0,0.09884792626728112,0.25,0.6
MAX,MoSS_Dir,MoSS,0.0,0.3000000000000001,0.25,0.8
MAX,MoSS_Dir,MoSS,0.0,0.5169300225733635,0.25,1.0
MAX,MoSS_Dir,MoSS,0.0,0.35038167938931297,0.5,0.1
MAX,MoSS_Dir,MoSS,0.5,0.4686991869918699,0.5,0.2
MAX,MoSS_Dir,MoSS,0.0,0.25444015444015433,0.5,0.4
MAX,MoSS_Dir,MoSS,0.25,0.4,0.5,0.6
MAX,MoSS_Dir,MoSS,0.25,0.40634328358208954,0.5,0.8
MAX,MoSS_Dir,MoSS,0.5,0.5680933852140078,0.5,1.0
MAX,MoSS_Dir,MoSS,0.0,0.2070539419087137,0.75,0.1
MAX,MoSS_Dir,MoSS,0.0,0.38606557377049183,0.75,0.2
MAX,MoSS_Dir,MoSS,0.25,0.2295620437956204,0.75,0.4
MAX,MoSS_Dir,MoSS,0.25,0.09834983498349825,0.75,0.6
MAX,MoSS_Dir,MoSS,0.0,0.2760383386581471,0.75,0.8
MAX,MoSS_Dir,MoSS,0.0,0.42125984251968507,0.75,1.0
MAX,MoSS_Dir,MoSS,0.0,0.44838709677419364,1.0,0.1
MAX,MoSS_Dir,MoSS,0.0,0.3446428571428572,1.0,0.2
MAX,MoSS_Dir,MoSS,0.25,0.2313725490196078,1.0,0.4
MAX,MoSS_Dir,MoSS,0.5,0.09820788530465951,1.0,0.6
MAX,MoSS_Dir,MoSS,0.0,0.8,1.0,0.8
MAX,MoSS_Dir,MoSS,0.0,0.0,1.0,1.0
MS,MoSS_Dir,MoSS,0.0,0.399,0.1,0.1
MS,MoSS_Dir,MoSS,0.0,0.3,0.1,0.2
MS,MoSS_Dir,MoSS,0.0,0.09999999999999998,0.1,0.4
MS,MoSS_Dir,MoSS,0.0,0.09999999999999998,0.1,0.6
MS,MoSS_Dir,MoSS,0.0,0.30000000000000004,0.1,0.8
MS,MoSS_Dir,MoSS,0.0,0.5,0.1,1.0
MS,MoSS_Dir,MoSS,0.0,0.39295774647887327,0.25,0.1
MS,MoSS_Dir,MoSS,0.0,0.302,0.25,0.2
MS,MoSS_Dir,MoSS,0.0,0.10668151447661467,0.25,0.4
MS,MoSS_Dir,MoSS,0.0,0.10678733031674198,0.25,0.6
MS,MoSS_Dir,MoSS,0.0,0.29800000000000004,0.25,0.8
MS,MoSS_Dir,MoSS,0.0,0.509,0.25,1.0
MS,MoSS_Dir,MoSS,0.5,0.41000000000000003,0.5,0.1
MS,MoSS_Dir,MoSS,0.5,0.305,0.5,0.2
MS,MoSS_Dir,MoSS,0.25,0.11648351648351651,0.5,0.4
MS,MoSS_Dir,MoSS,0.5,0.10099999999999998,0.5,0.6
MS,MoSS_Dir,MoSS,0.0,0.29800000000000004,0.5,0.8
MS,MoSS_Dir,MoSS,0.25,0.49636363636363634,0.5,1.0
MS,MoSS_Dir,MoSS,0.0,0.4114942528735632,0.75,0.1
MS,MoSS_Dir,MoSS,0.0,0.309,0.75,0.2
MS,MoSS_Dir,MoSS,0.25,0.11099999999999999,0.75,0.4
MS,MoSS_Dir,MoSS,0.0,0.10499999999999998,0.75,0.6
MS,MoSS_Dir,MoSS,0.0,0.31200000000000006,0.75,0.8
MS,MoSS_Dir,MoSS,0.0,0.507,0.75,1.0
MS,MoSS_Dir,MoSS,0.25,2.252941176470578,1.0,0.1
MS,MoSS_Dir,MoSS,0.0,0.012499999999999956,1.0,0.2
MS,MoSS_Dir,MoSS,0.0,1.835294117647055,1.0,0.4
MS,MoSS_Dir,MoSS,0.5,0.24285714285714244,1.0,0.6
MS,MoSS_Dir,MoSS,0.25,1.6484848484848513,1.0,0.8
MS,MoSS_Dir,MoSS,0.0,5.421052631578976,1.0,1.0
MS2,MoSS_Dir,MoSS,0.0,0.4,0.1,0.1
MS2,MoSS_Dir,MoSS,0.0,0.3,0.1,0.2
MS2,MoSS_Dir,MoSS,0.0,0.09999999999999998,0.1,0.4
MS2,MoSS_Dir,MoSS,0.0,0.09999999999999998,0.1,0.6
MS2,MoSS_Dir,MoSS,0.0,0.30000000000000004,0.1,0.8
MS2,MoSS_Dir,MoSS,0.0,0.5,0.1,1.0
MS2,MoSS_Dir,MoSS,0.0,0.4067873303167422,0.25,0.1
MS2,MoSS_Dir,MoSS,0.0,0.3000000000000001,0.25,0.2
MS2,MoSS_Dir,MoSS,0.0,0.09999999999999998,0.25,0.4
MS2,MoSS_Dir,MoSS,0.0,0.10281531531531529,0.25,0.6
MS2,MoSS_Dir,MoSS,0.0,0.295260663507109,0.25,0.8
MS2,MoSS_Dir,MoSS,0.0,0.4955056179775281,0.25,1.0
MS2,MoSS_Dir,MoSS,0.0,0.41041666666666676,0.5,0.1
MS2,MoSS_Dir,MoSS,0.25,0.25017182130584187,0.5,0.2
MS2,MoSS_Dir,MoSS,0.0,0.09999999999999998,0.5,0.4
MS2,MoSS_Dir,MoSS,0.0,10.099999999999993,0.5,0.6
MS2,MoSS_Dir,MoSS,0.25,0.2594330872976002,0.5,0.8
MS2,MoSS_Dir,MoSS,0.0,0.5141509433962264,0.5,1.0
MS2,MoSS_Dir,MoSS,0.0,0.041732283464567005,0.75,0.1
MS2,MoSS_Dir,MoSS,0.0,0.3215686274509804,0.75,0.2
MS2,MoSS_Dir,MoSS,0.0,1.183333333333335,0.75,0.4
MS2,MoSS_Dir,MoSS,0.25,0.07699999999999996,0.75,0.6
MS2,MoSS_Dir,MoSS,0.0,0.329045643153527,0.75,0.8
MS2,MoSS_Dir,MoSS,0.0,0.505,0.75,1.0
MS2,MoSS_Dir,MoSS,0.25,0.382,1.0,0.1
MS2,MoSS_Dir,MoSS,0.0,3.425000000000066,1.0,0.2
MS2,MoSS_Dir,MoSS,0.5,0.1436507936507937,1.0,0.4
MS2,MoSS_Dir,MoSS,0.5,0.09999999999999964,1.0,0.6
MS2,MoSS_Dir,MoSS,0.0,0.31100000000000005,1.0,0.8
MS2,MoSS_Dir,MoSS,0.0,0.47446808510638294,1.0,1.0
DyS,MoSS_Dir,MoSS_MN,0.4,0.094377457720251,0.1,0.1
DyS,MoSS_Dir,MoSS_MN,0.15,0.0481817832105709,0.1,0.2
DyS,MoSS_Dir,MoSS_MN,0.4,0.173144886037541,0.1,0.4
DyS,MoSS_Dir,MoSS_MN,0.15,0.06013469536996141,0.1,0.6
DyS,MoSS_Dir,MoSS_MN,0.9,0.13098950810342147,0.1,0.8
DyS,MoSS_Dir,MoSS_MN,0.15,4.455239404765887e-05,0.1,1.0
DyS,MoSS_Dir,MoSS_MN,0.75,0.09995544760595235,0.25,0.1
DyS,MoSS_Dir,MoSS_MN,0.5,0.09415177246638026,0.25,0.2
DyS,MoSS_Dir,MoSS_MN,0.75,0.043778668445954294,0.25,0.4
DyS,MoSS_Dir,MoSS_MN,0.5,0.0028121623667142215,0.25,0.6
DyS,MoSS_Dir,MoSS_MN,0.25,0.17375828360749024,0.25,0.8
DyS,MoSS_Dir,MoSS_MN,0.5,4.455239404765887e-05,0.25,1.0
DyS,MoSS_Dir,MoSS_MN,0.5,0.060110454595328947,0.5,0.1
DyS,MoSS_Dir,MoSS_MN,0.0,0.034327478815319445,0.5,0.2
DyS,MoSS_Dir,MoSS_MN,0.25,0.01600165758235944,0.5,0.4
DyS,MoSS_Dir,MoSS_MN,0.25,0.07616024761581075,0.5,0.6
DyS,MoSS_Dir,MoSS_MN,0.25,0.07685449324451177,0.5,0.8
DyS,MoSS_Dir,MoSS_MN,0.25,0.016881583393538402,0.5,1.0
DyS,MoSS_Dir,MoSS_MN,0.0,0.021637457812170316,0.75,0.1
DyS,MoSS_Dir,MoSS_MN,0.0,0.10142919845934378,0.75,0.2
DyS,MoSS_Dir,MoSS_MN,0.25,0.014195907711339939,0.75,0.4
DyS,MoSS_Dir,MoSS_MN,0.0,0.05841211689025405,0.75,0.6
DyS,MoSS_Dir,MoSS_MN,0.0,0.026236318608166886,0.75,0.8
DyS,MoSS_Dir,MoSS_MN,0.25,0.13645706322092355,0.75,1.0
DyS,MoSS_Dir,MoSS_MN,0.25,0.3243230355703923,1.0,0.1
DyS,MoSS_Dir,MoSS_MN,0.25,0.20987115900600706,1.0,0.2
DyS,MoSS_Dir,MoSS_MN,0.25,0.035496600304681436,1.0,0.4
DyS,MoSS_Dir,MoSS_MN,0.0,0.13039838760503925,1.0,0.6
DyS,MoSS_Dir,MoSS_MN,0.0,0.3145265429393272,1.0,0.8
DyS,MoSS_Dir,MoSS_MN,0.5,0.4485659347314672,1.0,1.0
HDy,MoSS_Dir,MoSS_MN,0.15,0.04416243654822336,0.1,0.1
HDy,MoSS_Dir,MoSS_MN,0.4,0.030917874396135275,0.1,0.2
HDy,MoSS_Dir,MoSS_MN,0.65,0.031336405529953926,0.1,0.4
HDy,MoSS_Dir,MoSS_MN,0.65,0.03541666666666665,0.1,0.6
HDy,MoSS_Dir,MoSS_MN,0.9,0.06699507389162551,0.1,0.8
HDy,MoSS_Dir,MoSS_MN,0.15,0.0,0.1,1.0
HDy,MoSS_Dir,MoSS_MN,0.25,0.016279069767441867,0.25,0.1
HDy,MoSS_Dir,MoSS_MN,0.5,0.0711340206185567,0.25,0.2
HDy,MoSS_Dir,MoSS_MN,0.25,0.03285024154589378,0.25,0.4
HDy,MoSS_Dir,MoSS_MN,0.25,0.0071428571428571175,0.25,0.6
HDy,MoSS_Dir,MoSS_MN,0.5,0.11099476439790579,0.25,0.8
HDy,MoSS_Dir,MoSS_MN,0.5,0.0,0.25,1.0
HDy,MoSS_Dir,MoSS_MN,0.5,0.036416184971098275,0.5,0.1
HDy,MoSS_Dir,MoSS_MN,0.25,0.010280373831775685,0.5,0.2
HDy,MoSS_Dir,MoSS_MN,0.25,0.05550239234449761,0.5,0.4
HDy,MoSS_Dir,MoSS_MN,0.25,0.03913043478260858,0.5,0.6
HDy,MoSS_Dir,MoSS_MN,0.25,0.007547169811320864,0.5,0.8
HDy,MoSS_Dir,MoSS_MN,0.25,0.05641025641025643,0.5,1.0
HDy,MoSS_Dir,MoSS_MN,0.0,0.1785388127853881,0.75,0.1
HDy,MoSS_Dir,MoSS_MN,0.0,0.10263157894736835,0.75,0.2
HDy,MoSS_Dir,MoSS_MN,0.0,0.04808743169398899,0.75,0.4
HDy,MoSS_Dir,MoSS_MN,0.0,0.014414414414414378,0.75,0.6
HDy,MoSS_Dir,MoSS_MN,0.0,0.07894736842105265,0.75,0.8
HDy,MoSS_Dir,MoSS_MN,0.25,0.1813953488372093,0.75,1.0
HDy,MoSS_Dir,MoSS_MN,0.25,0.3162436548223351,1.0,0.1
HDy,MoSS_Dir,MoSS_MN,0.25,0.29494949494949496,1.0,0.2
HDy,MoSS_Dir,MoSS_MN,0.25,0.08039215686274503,1.0,0.4
HDy,MoSS_Dir,MoSS_MN,0.5,0.11256281407035174,1.0,0.6
HDy,MoSS_Dir,MoSS_MN,0.0,0.28704663212435233,1.0,0.8
HDy,MoSS_Dir,MoSS_MN,0.0,0.43349753694581283,1.0,1.0
SORD,MoSS_Dir,MoSS_MN,0.15,0.1,0.1,0.1
SORD,MoSS_Dir,MoSS_MN,0.15,0.100990099009901,0.1,0.2
SORD,MoSS_Dir,MoSS_MN,0.9,0.4,0.1,0.4
SORD,MoSS_Dir,MoSS_MN,0.9,0.1454545454545455,0.1,0.6
SORD,MoSS_Dir,MoSS_MN,0.15,0.11919191919191918,0.1,0.8
SORD,MoSS_Dir,MoSS_MN,0.4,0.0,0.1,1.0
SORD,MoSS_Dir,MoSS_MN,0.5,0.1,0.25,0.1
SORD,MoSS_Dir,MoSS_MN,0.75,0.11262135922330099,0.25,0.2
SORD,MoSS_Dir,MoSS_MN,0.75,0.022807017543859665,0.25,0.4
SORD,MoSS_Dir,MoSS_MN,0.75,0.06346153846153857,0.25,0.6
SORD,MoSS_Dir,MoSS_MN,0.25,0.16938775510204074,0.25,0.8
SORD,MoSS_Dir,MoSS_MN,0.5,0.0,0.25,1.0
SORD,MoSS_Dir,MoSS_MN,0.25,0.09009900990099011,0.5,0.1
SORD,MoSS_Dir,MoSS_MN,0.25,0.0867924528301887,0.5,0.2
SORD,MoSS_Dir,MoSS_MN,0.25,0.04761904761904767,0.5,0.4
SORD,MoSS_Dir,MoSS_MN,0.25,0.06938775510204076,0.5,0.6
SORD,MoSS_Dir,MoSS_MN,0.25,0.19999999999999996,0.5,0.8
SORD,MoSS_Dir,MoSS_MN,0.25,0.0,0.5,1.0
SORD,MoSS_Dir,MoSS_MN,0.0,0.02121212121212121,0.75,0.1
SORD,MoSS_Dir,MoSS_MN,0.0,0.12989690721649483,0.75,0.2
SORD,MoSS_Dir,MoSS_MN,0.0,0.0019607843137254832,0.75,0.4
SORD,MoSS_Dir,MoSS_MN,0.0,0.01747572815533982,0.75,0.6
SORD,MoSS_Dir,MoSS_MN,0.0,0.036734693877550906,0.75,0.8
SORD,MoSS_Dir,MoSS_MN,0.0,0.11111111111111105,0.75,1.0
SORD,MoSS_Dir,MoSS_MN,0.25,0.32105263157894737,1.0,0.1
SORD,MoSS_Dir,MoSS_MN,0.25,0.02368421052631578,1.0,0.2
SORD,MoSS_Dir,MoSS_MN,0.25,0.08181818181818179,1.0,0.4
SORD,MoSS_Dir,MoSS_MN,0.5,0.07311827956989247,1.0,0.6
SORD,MoSS_Dir,MoSS_MN,0.25,0.21441441441441444,1.0,0.8
SORD,MoSS_Dir,MoSS_MN,0.25,0.44660194174757273,1.0,1.0
SMM,MoSS_Dir,MoSS_MN,0.15,0.13771216427152924,0.1,0.1
SMM,MoSS_Dir,MoSS_MN,0.15,0.12358603581231932,0.1,0.2
SMM,MoSS_Dir,MoSS_MN,0.15,0.11370727216387255,0.1,0.4
SMM,MoSS_Dir,MoSS_MN,0.15,0.059340486248269264,0.1,0.6
SMM,MoSS_Dir,MoSS_MN,0.9,0.12558802352846932,0.1,0.8
SMM,MoSS_Dir,MoSS_MN,0.9,0.21328571727504042,0.1,1.0
SMM,MoSS_Dir,MoSS_MN,0.25,0.20882674881775154,0.25,0.1
SMM,MoSS_Dir,MoSS_MN,0.5,0.08613788383388546,0.25,0.2
SMM,MoSS_Dir,MoSS_MN,0.75,0.05154383173812338,0.25,0.4
SMM,MoSS_Dir,MoSS_MN,0.5,0.05350177286140834,0.25,0.6
SMM,MoSS_Dir,MoSS_MN,0.75,0.12086029297477785,0.25,0.8
SMM,MoSS_Dir,MoSS_MN,0.5,0.2895054927723182,0.25,1.0
SMM,MoSS_Dir,MoSS_MN,0.25,0.03896425544948992,0.5,0.1
SMM,MoSS_Dir,MoSS_MN,0.25,0.019074049677576033,0.5,0.2
SMM,MoSS_Dir,MoSS_MN,0.25,0.022258003276778737,0.5,0.4
SMM,MoSS_Dir,MoSS_MN,0.25,0.0354404813170206,0.5,0.6
SMM,MoSS_Dir,MoSS_MN,0.25,0.010691730744015637,0.5,0.8
SMM,MoSS_Dir,MoSS_MN,0.5,0.004450144220430885,0.5,1.0
SMM,MoSS_Dir,MoSS_MN,0.0,0.19494721227514614,0.75,0.1
SMM,MoSS_Dir,MoSS_MN,0.0,0.03203299577789406,0.75,0.2
SMM,MoSS_Dir,MoSS_MN,0.0,0.07281416237259358,0.75,0.4
SMM,MoSS_Dir,MoSS_MN,0.0,0.03425826505033125,0.75,0.6
SMM,MoSS_Dir,MoSS_MN,0.0,0.0725849876037068,0.75,0.8
SMM,MoSS_Dir,MoSS_MN,0.25,0.14125560642432777,0.75,1.0
SMM,MoSS_Dir,MoSS_MN,0.25,0.34712953424617765,1.0,0.1
SMM,MoSS_Dir,MoSS_MN,0.25,0.8548696333464922,1.0,0.2
SMM,MoSS_Dir,MoSS_MN,0.25,0.11891141354121426,1.0,0.4
SMM,MoSS_Dir,MoSS_MN,0.25,0.07066356635460669,1.0,0.6
SMM,MoSS_Dir,MoSS_MN,0.0,0.2911279179714672,1.0,0.8
SMM,MoSS_Dir,MoSS_MN,0.25,0.40581057534499254,1.0,1.0
ACC,MoSS_Dir,MoSS_MN,0.15,0.4,0.1,0.1
ACC,MoSS_Dir,MoSS_MN,0.9,0.3,0.1,0.2
ACC,MoSS_Dir,MoSS_MN,0.9,0.10000000000000009,0.1,0.4
ACC,MoSS_Dir,MoSS_MN,0.9,0.09999999999999987,0.1,0.6
ACC,MoSS_Dir,MoSS_MN,0.15,0.29999999999999993,0.1,0.8
ACC,MoSS_Dir,MoSS_MN,0.9,0.5000000000000001,0.1,1.0
ACC,MoSS_Dir,MoSS_MN,0.5,0.4,0.25,0.1
ACC,MoSS_Dir,MoSS_MN,0.25,0.29999999999999993,0.25,0.2
ACC,MoSS_Dir,MoSS_MN,0.5,0.09999999999999998,0.25,0.4
ACC,MoSS_Dir,MoSS_MN,0.75,0.09999999999999998,0.25,0.6
ACC,MoSS_Dir,MoSS_MN,0.5,0.30000000000000004,0.25,0.8
ACC,MoSS_Dir,MoSS_MN,0.25,0.5,0.25,1.0
ACC,MoSS_Dir,MoSS_MN,0.0,0.4,0.5,0.1
ACC,MoSS_Dir,MoSS_MN,0.5,0.3,0.5,0.2
ACC,MoSS_Dir,MoSS_MN,0.25,0.09999999999999998,0.5,0.4
ACC,MoSS_Dir,MoSS_MN,0.25,0.09999999999999998,0.5,0.6
ACC,MoSS_Dir,MoSS_MN,0.0,0.30000000000000004,0.5,0.8
ACC,MoSS_Dir,MoSS_MN,0.25,0.5,0.5,1.0
ACC,MoSS_Dir,MoSS_MN,0.0,0.3999999999999999,0.75,0.1
ACC,MoSS_Dir,MoSS_MN,0.0,0.3,0.75,0.2
ACC,MoSS_Dir,MoSS_MN,0.25,0.09999999999999987,0.75,0.4
ACC,MoSS_Dir,MoSS_MN,0.25,0.09999999999999998,0.75,0.6
ACC,MoSS_Dir,MoSS_MN,0.0,0.30000000000000004,0.75,0.8
ACC,MoSS_Dir,MoSS_MN,0.0,0.5,0.75,1.0
ACC,MoSS_Dir,MoSS_MN,0.25,0.4,1.0,0.1
ACC,MoSS_Dir,MoSS_MN,0.25,0.29999999999999993,1.0,0.2
ACC,MoSS_Dir,MoSS_MN,0.25,0.09999999999999998,1.0,0.4
ACC,MoSS_Dir,MoSS_MN,0.0,0.09999999999999998,1.0,0.6
ACC,MoSS_Dir,MoSS_MN,0.25,0.30000000000000004,1.0,0.8
ACC,MoSS_Dir,MoSS_MN,0.0,0.5,1.0,1.0
X_method,MoSS_Dir,MoSS_MN,0.9,0.40000000000000013,0.1,0.1
X_method,MoSS_Dir,MoSS_MN,0.9,0.3000000000000001,0.1,0.2
X_method,MoSS_Dir,MoSS_MN,0.9,0.007843137254902155,0.1,0.4
X_method,MoSS_Dir,MoSS_MN,0.9,0.11681957186544334,0.1,0.6
X_method,MoSS_Dir,MoSS_MN,0.4,0.325974025974026,0.1,0.8
X_method,MoSS_Dir,MoSS_MN,0.9,0.5400641025641026,0.1,1.0
X_method,MoSS_Dir,MoSS_MN,0.25,0.4,0.25,0.1
X_method,MoSS_Dir,MoSS_MN,0.75,0.3521739130434783,0.25,0.2
X_method,MoSS_Dir,MoSS_MN,0.5,0.13225806451612898,0.25,0.4
X_method,MoSS_Dir,MoSS_MN,0.5,0.05502645502645487,0.25,0.6
X_method,MoSS_Dir,MoSS_MN,0.25,0.3192307692307693,0.25,0.8
X_method,MoSS_Dir,MoSS_MN,0.5,0.5167464114832536,0.25,1.0
X_method,MoSS_Dir,MoSS_MN,0.0,0.4,0.5,0.1
X_method,MoSS_Dir,MoSS_MN,0.25,0.3,0.5,0.2
X_method,MoSS_Dir,MoSS_MN,0.25,0.007843137254901988,0.5,0.4
X_method,MoSS_Dir,MoSS_MN,0.25,0.05043103448275854,0.5,0.6
X_method,MoSS_Dir,MoSS_MN,0.25,0.30000000000000004,0.5,0.8
X_method,MoSS_Dir,MoSS_MN,0.25,0.5591836734693878,0.5,1.0
X_method,MoSS_Dir,MoSS_MN,0.25,0.4,0.75,0.1
X_method,MoSS_Dir,MoSS_MN,0.0,0.3315533980582525,0.75,0.2
X_method,MoSS_Dir,MoSS_MN,0.0,0.09999999999999998,0.75,0.4
X_method,MoSS_Dir,MoSS_MN,0.0,0.4,0.75,0.6
X_method,MoSS_Dir,MoSS_MN,0.0,0.30000000000000004,0.75,0.8
X_method,MoSS_Dir,MoSS_MN,0.0,0.5,0.75,1.0
X_method,MoSS_Dir,MoSS_MN,0.25,0.3481981981981982,1.0,0.1
X_method,MoSS_Dir,MoSS_MN,0.25,0.34761904761904766,1.0,0.2
X_method,MoSS_Dir,MoSS_MN,0.0,0.14148471615720526,1.0,0.4
X_method,MoSS_Dir,MoSS_MN,0.25,0.4,1.0,0.6
X_method,MoSS_Dir,MoSS_MN,0.25,0.30000000000000004,1.0,0.8
X_method,MoSS_Dir,MoSS_MN,0.25,0.5760869565217392,1.0,1.0
T50,MoSS_Dir,MoSS_MN,0.9,0.4,0.1,0.1
T50,MoSS_Dir,MoSS_MN,0.15,0.29461655234454065,0.1,0.2
T50,MoSS_Dir,MoSS_MN,0.4,0.08922056384742943,0.1,0.4
T50,MoSS_Dir,MoSS_MN,0.9,0.09999999999999998,0.1,0.6
T50,MoSS_Dir,MoSS_MN,0.9,0.30000000000000004,0.1,0.8
T50,MoSS_Dir,MoSS_MN,0.15,0.5127610208816705,0.1,1.0
T50,MoSS_Dir,MoSS_MN,0.5,0.4064128490049973,0.25,0.1
T50,MoSS_Dir,MoSS_MN,0.5,0.29014084507042254,0.25,0.2
T50,MoSS_Dir,MoSS_MN,0.5,0.09731182795698923,0.25,0.4
T50,MoSS_Dir,MoSS_MN,0.75,0.09999999999999998,0.25,0.6
T50,MoSS_Dir,MoSS_MN,0.5,0.3150214592274679,0.25,0.8
T50,MoSS_Dir,MoSS_MN,0.25,0.48594377510040165,0.25,1.0
T50,MoSS_Dir,MoSS_MN,0.5,0.40366032210834557,0.5,0.1
T50,MoSS_Dir,MoSS_MN,0.25,0.2864433811802233,0.5,0.2
T50,MoSS_Dir,MoSS_MN,0.5,0.09317147192716235,0.5,0.4
T50,MoSS_Dir,MoSS_MN,0.25,0.09224259520451339,0.5,0.6
T50,MoSS_Dir,MoSS_MN,0.25,0.30677506775067753,0.5,0.8
T50,MoSS_Dir,MoSS_MN,0.25,0.48305084745762705,0.5,1.0
T50,MoSS_Dir,MoSS_MN,0.25,0.4152838427947598,0.75,0.1
T50,MoSS_Dir,MoSS_MN,0.0,0.32903225806451614,0.75,0.2
T50,MoSS_Dir,MoSS_MN,0.0,0.10168350168350171,0.75,0.4
T50,MoSS_Dir,MoSS_MN,0.0,0.10087565674255689,0.75,0.6
T50,MoSS_Dir,MoSS_MN,0.0,0.2770114942528735,0.75,0.8
T50,MoSS_Dir,MoSS_MN,0.0,0.49035812672176304,0.75,1.0
T50,MoSS_Dir,MoSS_MN,0.25,0.39358974358974363,1.0,0.1
T50,MoSS_Dir,MoSS_MN,0.25,0.3034013605442177,1.0,0.2
T50,MoSS_Dir,MoSS_MN,0.25,0.0928571428571428,1.0,0.4
T50,MoSS_Dir,MoSS_MN,0.0,0.08897058823529402,1.0,0.6
T50,MoSS_Dir,MoSS_MN,0.25,0.279245283018868,1.0,0.8
T50,MoSS_Dir,MoSS_MN,0.25,0.5147679324894514,1.0,1.0
MAX,MoSS_Dir,MoSS_MN,0.4,0.46158357771260994,0.1,0.1
MAX,MoSS_Dir,MoSS_MN,0.9,0.3,0.1,0.2
MAX,MoSS_Dir,MoSS_MN,0.15,0.05312500000000003,0.1,0.4
MAX,MoSS_Dir,MoSS_MN,0.15,0.10879765395894425,0.1,0.6
MAX,MoSS_Dir,MoSS_MN,0.15,0.25639534883720927,0.1,0.8
MAX,MoSS_Dir,MoSS_MN,0.4,0.44307692307692303,0.1,1.0
MAX,MoSS_Dir,MoSS_MN,0.5,0.36610169491525424,0.25,0.1
MAX,MoSS_Dir,MoSS_MN,0.75,0.08316326530612239,0.25,0.2
MAX,MoSS_Dir,MoSS_MN,0.5,0.09999999999999998,0.25,0.4
MAX,MoSS_Dir,MoSS_MN,0.75,0.04999999999999993,0.25,0.6
MAX,MoSS_Dir,MoSS_MN,0.25,0.29999999999999993,0.25,0.8
MAX,MoSS_Dir,MoSS_MN,0.75,0.5366379310344827,0.25,1.0
MAX,MoSS_Dir,MoSS_MN,0.5,0.4595744680851065,0.5,0.1
MAX,MoSS_Dir,MoSS_MN,0.25,0.18388625592417063,0.5,0.2
MAX,MoSS_Dir,MoSS_MN,0.25,0.27515923566878986,0.5,0.4
MAX,MoSS_Dir,MoSS_MN,0.25,0.10000000000000031,0.5,0.6
MAX,MoSS_Dir,MoSS_MN,0.25,0.22666666666666668,0.5,0.8
MAX,MoSS_Dir,MoSS_MN,0.25,0.5355555555555556,0.5,1.0
MAX,MoSS_Dir,MoSS_MN,0.0,0.35689655172413803,0.75,0.1
MAX,MoSS_Dir,MoSS_MN,0.0,0.473469387755102,0.75,0.2
MAX,MoSS_Dir,MoSS_MN,0.0,0.047236180904522584,0.75,0.4
MAX,MoSS_Dir,MoSS_MN,0.0,0.0976851851851851,0.75,0.6
MAX,MoSS_Dir,MoSS_MN,0.25,0.4976744186046512,0.75,0.8
MAX,MoSS_Dir,MoSS_MN,0.25,0.5795454545454546,0.75,1.0
MAX,MoSS_Dir,MoSS_MN,0.25,0.5558139534883721,1.0,0.1
MAX,MoSS_Dir,MoSS_MN,0.25,0.8,1.0,0.2
MAX,MoSS_Dir,MoSS_MN,0.25,0.23513513513513518,1.0,0.4
MAX,MoSS_Dir,MoSS_MN,0.25,0.3386363636363636,1.0,0.6
MAX,MoSS_Dir,MoSS_MN,0.5,0.07322404371584701,1.0,0.8
MAX,MoSS_Dir,MoSS_MN,0.5,0.3867403314917127,1.0,1.0
MS,MoSS_Dir,MoSS_MN,0.9,0.406,0.1,0.1
MS,MoSS_Dir,MoSS_MN,0.4,0.311,0.1,0.2
MS,MoSS_Dir,MoSS_MN,0.15,0.09999999999999998,0.1,0.4
MS,MoSS_Dir,MoSS_MN,0.4,0.11199999999999999,0.1,0.6
MS,MoSS_Dir,MoSS_MN,0.4,0.29400000000000004,0.1,0.8
MS,MoSS_Dir,MoSS_MN,0.15,0.515,0.1,1.0
MS,MoSS_Dir,MoSS_MN,0.5,0.42300000000000004,0.25,0.1
MS,MoSS_Dir,MoSS_MN,0.75,0.316,0.25,0.2
MS,MoSS_Dir,MoSS_MN,0.5,0.09899999999999998,0.25,0.4
MS,MoSS_Dir,MoSS_MN,0.5,0.06799999999999995,0.25,0.6
MS,MoSS_Dir,MoSS_MN,0.75,0.31500000000000006,0.25,0.8
MS,MoSS_Dir,MoSS_MN,0.75,0.492,0.25,1.0
MS,MoSS_Dir,MoSS_MN,0.25,0.4,0.5,0.1
MS,MoSS_Dir,MoSS_MN,0.25,0.292,0.5,0.2
MS,MoSS_Dir,MoSS_MN,0.0,0.10299999999999998,0.5,0.4
MS,MoSS_Dir,MoSS_MN,0.25,0.10399999999999998,0.5,0.6
MS,MoSS_Dir,MoSS_MN,0.25,0.28400000000000003,0.5,0.8
MS,MoSS_Dir,MoSS_MN,0.25,0.496,0.5,1.0
MS,MoSS_Dir,MoSS_MN,0.0,0.42300000000000004,0.75,0.1
MS,MoSS_Dir,MoSS_MN,0.0,0.283,0.75,0.2
MS,MoSS_Dir,MoSS_MN,0.0,0.11099999999999999,0.75,0.4
MS,MoSS_Dir,MoSS_MN,0.25,0.09799999999999998,0.75,0.6
MS,MoSS_Dir,MoSS_MN,0.0,0.29500000000000004,0.75,0.8
MS,MoSS_Dir,MoSS_MN,0.0,0.511,0.75,1.0
MS,MoSS_Dir,MoSS_MN,0.25,0.378,1.0,0.1
MS,MoSS_Dir,MoSS_MN,0.25,0.3,1.0,0.2
MS,MoSS_Dir,MoSS_MN,0.25,0.07599999999999996,1.0,0.4
MS,MoSS_Dir,MoSS_MN,0.25,1.957142857142856,1.0,0.6
MS,MoSS_Dir,MoSS_MN,0.0,0.30600000000000005,1.0,0.8
MS,MoSS_Dir,MoSS_MN,0.5,0.515,1.0,1.0
MS2,MoSS_Dir,MoSS_MN,0.15,0.41339285714285723,0.1,0.1
MS2,MoSS_Dir,MoSS_MN,0.15,0.2999999999999999,0.1,0.2
MS2,MoSS_Dir,MoSS_MN,0.15,0.09176646706586827,0.1,0.4
MS2,MoSS_Dir,MoSS_MN,0.15,0.0897959183673469,0.1,0.6
MS2,MoSS_Dir,MoSS_MN,0.9,0.30000000000000016,0.1,0.8
MS2,MoSS_Dir,MoSS_MN,0.15,0.5,0.1,1.0
MS2,MoSS_Dir,MoSS_MN,0.25,0.4,0.25,0.1
MS2,MoSS_Dir,MoSS_MN,0.25,0.3,0.25,0.2
MS2,MoSS_Dir,MoSS_MN,0.25,0.2200175610552969,0.25,0.4
MS2,MoSS_Dir,MoSS_MN,0.75,0.057627118644067776,0.25,0.6
MS2,MoSS_Dir,MoSS_MN,0.25,0.30000000000000004,0.25,0.8
MS2,MoSS_Dir,MoSS_MN,0.75,0.5,0.25,1.0
MS2,MoSS_Dir,MoSS_MN,0.25,0.6591240875912409,0.5,0.1
MS2,MoSS_Dir,MoSS_MN,0.5,0.23661971830985917,0.5,0.2
MS2,MoSS_Dir,MoSS_MN,0.25,0.12097902097902102,0.5,0.4
MS2,MoSS_Dir,MoSS_MN,0.25,0.15688622754491005,0.5,0.6
MS2,MoSS_Dir,MoSS_MN,0.25,0.33518661023470564,0.5,0.8
MS2,MoSS_Dir,MoSS_MN,0.25,0.5595495783767505,0.5,1.0
MS2,MoSS_Dir,MoSS_MN,0.0,0.43186274509803924,0.75,0.1
MS2,MoSS_Dir,MoSS_MN,0.25,0.28717948717948716,0.75,0.2
MS2,MoSS_Dir,MoSS_MN,0.0,0.03686868686868683,0.75,0.4
MS2,MoSS_Dir,MoSS_MN,0.0,0.0005681818181817455,0.75,0.6
MS2,MoSS_Dir,MoSS_MN,0.25,0.2111443069901514,0.75,0.8
MS2,MoSS_Dir,MoSS_MN,0.0,0.44171779141104295,0.75,1.0
MS2,MoSS_Dir,MoSS_MN,0.5,0.3800000000000001,1.0,0.1
MS2,MoSS_Dir,MoSS_MN,0.25,0.12984293193717278,1.0,0.2
MS2,MoSS_Dir,MoSS_MN,0.25,0.14655748663101598,1.0,0.4
MS2,MoSS_Dir,MoSS_MN,0.25,0.11552795031055901,1.0,0.6
MS2,MoSS_Dir,MoSS_MN,0.25,0.3041666666666667,1.0,0.8
MS2,MoSS_Dir,MoSS_MN,0.5,0.48415492957746475,1.0,1.0
